RIG ,,1,2,3,4,5,6,7,,10,11,12,13,14,15,16,17,18,19,20,21,22,23,24,25,26,27,28,29,30,31
Centrifuge, ,,,,,,,,,,,,,,,,,,,,,,,,,,,,,,
,,,,,,,,,,,,,,,,,,,,,,,,,,,,,,,
AV mounts,Make ,,,,,,Barry Controls,,,,,,,,,,,,,,,,,,,,,,,,
,Type,,,,,,SMDO -10,,,,,,,,,,,,,,,,,,,,,,,,
,Set Height,,,,,,,,,,,,,,,,,,,,,,,,,,,,,,
,Shure,,,,,,N/A,,,,,,,,,,,,,,,,,,,,,,,,
No.,,,,,,,1,,,,,1,,,,,,,1,,,,,,,,,,,,
,Make,,,,,,Sharples,,,,,Alfa-Lavall,,,,,,,Alfa Lavall ,,,,,,,,,,,,
,Model,,,,,,PM35000,,,,,NX-450,,,,,,,PM36000-DSNX,,,,,,,,,,,,
,Serial No.,,,,,,92-115489,,,,,,,,,,,,501-7566-1993,,,,,,,,,,,,
,Max RPM,,,,,,3650,,,,,,,,,,,,3250,,,,,,,,,,,,
,Length,,,,,,,,,,,,,,,,,,,,,,,,,,,,,,
,Diameter,,,,,,,,,,,,,,,,,,425/263,,,,,,,,,,,,
,Process Throughput,,,,,,25,,,,,,,,,,,,,,,,,,,,,,,,
,Feed size,,,,,,200,,,,,,,,,,,,,,,,,,,,,,,,
,Feed connection Pos'n,,,,,,RHS,,,,,,,,,,,,,,,,,,,,,,,,
,Centrate size,,,,,,200,,,,,,,,,,,,,,,,,,,,,,,,
,Centrate discharge Pos'n,,,,,,RHS,,,,,,,,,,,,,,,,,,,,,,,,
,Wash water size,,,,,,2 1/2,,,,,,,,,,,,,,,,,,,,,,,,
,Pulley size,,,,,,,,,,,,,,,,,,,,,,,,,,,,,,
,Shaft Size,,, ,,,,,,,,,,,,,,,,,,,,,,,,,,,
Drive Motor,,,,,,,,,,,,,,,,,,,,,,,,,,,,,,,
,,,,,,,,,,,,,,,,,,,,,,,,,,,,,,,
,Make,,,,,,Brook Crompton,,,,,,,,,,,,,,,,,,,,,,,,
,Model, ,,,,, ,,,,,,,,,,,,,,,,,,,,,,,,
,Serial No.,,,,,,,,,,,,,,,,,,,,,,,,,,,,,,
,No. Pole Pairs,,,,,,,,,,,,,,,,,,,,,,,,,,,,,,
,Frame  size,,,,,,200L,,,,,,,,,,,,,,,,,,,,,,,,
,FLA,,,,,,,,,,,,,,,,,,,,,,,,,,,,,,
,Pulley size,,,,,,,,,,,,,,,,,,,,,,,,,,,,,,
,Shaft size,,,,,,,,,,,,,,,,,,,,,,,,,,,,,,
,Belt size,,,,,,,,,,,,,,,,,,,,,,,,,,,,,,
,Inverter,,,,,,,,,,,,,,,,,,,,,,,,,,,,,,
,,,,,,,,,,,,,,,,,,,,,,,,,,,,,,,
Gearbox,,,,,,,,,,,,,,,,,,,,,,,,,,,,,,,
, Make,,,,,,,,,,,,,,,,,,,,,,,,,,,,,,
,Model,,,,,,,,,,,,,,,,,,,,,,,,,,,,,,
,Design Torque,  ,,,,,,,,,,,,,,,,,,,,,,,,,,,,,
,Gear Box Ratio, ,,,,,,,,,,,,,,,,,,,,,,,,,,,,,
,Reduction Ratio,,,,,,,,,,,,,,,,,,,,,,,,,,,,,,
,Gear Box Oil,,,,,,,,,,,,,,,,,,,,,,,,,,,,,,
,Drive coupling,,,,,,,,,,,,,,,,,,,,,,,,,,,,,,
,,,,,,,,,,,,,,,,,,,,,,,,,,,,,,,
E.C.Brake,Make,,,,,,TR TRASC,,,,,,,,,,,,,,,,,,,,,,,,
,Model ,,,,,,132CD/6,,,,,,,,,,,,,,,,,,,,,,,,
,Serial No.,,,,,,178399-2,,,,,,,,,,,,,,,,,,,,,,,,
 ,Shaft Size,,,,,,,,,,,,,,,,,,,,,,,,,,,,,,
,Input Size,,,,,,,,,,,,,,,,,,,,,,,,,,,,,,
,Torque Nm,,,,,,24,,,,,,,,,,,,,,,,,,,,,,,,
 ,V  ,,,,,,90,,,,,,,,,,,,,,,,,,,,,,,,
,Current DC,,,,,,3.3,,,,,,,,,,,,,,,,,,,,,,,,
,,,,,,,,,,,,,,,,,,,,,,,,,,,,,,,
,ABC ,,,,,,11948,,,,,,,,,,,,,,,,,,,,,,,,
,,,,,,,,,,,,,,,,,,,,,,,,,,,,,,,
No.,,,,,,,2,,,,,,,,,,,,,,,,,,,,,,,,
,Make,,,,,,Sharples,,,,,,,,,,,,,,,,,,,,,,,,
,Model,,,,,,PM35000,,,,,,,,,,,,,,,,,,,,,,,,
,Serial No.,,,,,,91-115343,,,,,,,,,,,,,,,,,,,,,,,,
,Max RPM,,,,,,3150,,,,,,,,,,,,,,,,,,,,,,,,
,Length,,,,,,,,,,,,,,,,,,,,,,,,,,,,,,
,Diameter,,,,,,,,,,,,,,,,,,,,,,,,,,,,,,
,Process Throughput,,,,,,25,,,,,,,,,,,,,,,,,,,,,,,,
,Feed size,,,,,,200,,,,,,,,,,,,,,,,,,,,,,,,
,Feed connection ,,,,,,RHS,,,,,,,,,,,,,,,,,,,,,,,,
,Centrate size,,,,,,200,,,,,,,,,,,,,,,,,,,,,,,,
,Centrate discharge,,,,,,RHS,,,,,,,,,,,,,,,,,,,,,,,,
,Wash water size,,,,,,2 1/2,,,,,,,,,,,,,,,,,,,,,,,,
,Pulley size,,,,,,,,,,,,,,,,,,,,,,,,,,,,,,
,Shaft Size,,,,,,,,,,,,,,,,,,,,,,,,,,,,,,
Drive Motor,,,,,,,,,,,,,,,,,,,,,,,,,,,,,,,
,,,,,,,,,,,,,,,,,,,,,,,,,,,,,,,
,Make,,,,,,Weg,,,,,,,,,,,,,,,,,,,,,,,,
,Model, ,,,,,W22 Premium,,,,,,,,,,,,,,,,,,,,,,,,
,Serial No.,,,,,,12NOV2018 1046337498,,,,,,,,,,,,,,,,,,,,,,,,
,No. Pole Pairs,,,,,,4,,,,,,,,,,,,,,,,,,,,,,,,
,Frame  size, ,,,,,200L,,,,,,,,,,,,,,,,,,,,,,,,
,FLA,,,,,,57,,,,,,,,,,,,,,,,,,,,,,,,
,Pulley size,,,,,,,,,,,,,,,,,,,,,,,,,,,,,,
,Shaft size,,,,,,,,,,,,,,,,,,,,,,,,,,,,,,
,Belt size,,,,,,,,,,,,,,,,,,,,,,,,,,,,,,
,Inverter,,,,,,,,,,,,,,,,,,,,,,,,,,,,,,
,,,,,,,,,,,,,,,,,,,,,,,,,,,,,,,
Gearbox,,,,,,,,,,,,,,,,,,,,,,,,,,,,,,,
, Make,,,,,,,,,,,,,,,,,,,,,,,,,,,,,,
,Model,,,,,,,,,,,,,,,,,,,,,,,,,,,,,,
,Design Torque,  ,,,,,,,,,,,,,,,,,,,,,,,,,,,,,
,Gear Box Ratio, ,,,,,,,,,,,,,,,,,,,,,,,,,,,,,
,Reduction Ratio,,,,,,,,,,,,,,,,,,,,,,,,,,,,,,
,Gear Box Oil,,,,,,,,,,,,,,,,,,,,,,,,,,,,,,
,Drive coupling,,,,,,,,,,,,,,,,,,,,,,,,,,,,,,
 ,,,,,,,,,,,,,,,,,,,,,,,,,,,,,,,
Motor,,,,,,,,,,,,,,,,,,,,,,,,,,,,,,,
 ,Make,,,,,,,,,,,,,,,,,,,,,,,,,,,,,,
,Model,,,,,,,,,,,,,,,,,,,,,,,,,,,,,,
,Serial No.,,,,,,,,,,,,,,,,,,,,,,,,,,,,,,
,No. Pole Pairs,,,,,,,,,,,,,,,,,,,,,,,,,,,,,,
,Frame  size,,,,,,,,,,,,,,,,,,,,,,,,,,,,,,
,FLA,,,,,,,,,,,,,,,,,,,,,,,,,,,,,,
,,,,,,,,,,,,,,,,,,,,,,,,,,,,,,,
,Inverter drive,,,,,,,,,,,,,,,,,,,,,,,,,,,,,,
E.C.Brake,Make,,,,,,ALFA,,,,,,,,,,,,,,,,,,,,,,,,
,Model ,,,,,,132CD/6,,,,,,,,,,,,,,,,,,,,,,,,
,Serial No.,,,,,,L1824696,,,,,,,,,,,,,,,,,,,,,,,,
 ,Shaft Size,,,,,,,,,,,,,,,,,,,,,,,,,,,,,,
,Input Size,,,,,,,,,,,,,,,,,,,,,,,,,,,,,,
,Torque Nm,,,,,,16,,,,,,,,,,,,,,,,,,,,,,,,
,V  ,,,,,,90,,,,,,,,,,,,,,,,,,,,,,,,
,Current DC,,,,,,1.55,,,,,,,,,,,,,,,,,,,,,,,,
,,,,,,,,,,,,,,,,,,,,,,,,,,,,,,,
 ,ABC,,,,,,11792,,,,,,,,,,,,,,,,,,,,,,,,
,,,,,,,,,,,,,,,,,,,,,,,,,,,,,,,
,,,,,,,,,,,,,,,,,,,,,,,,,,,,,,,
Feed P/P ,,,,,,,1,,,,,,,,,,,,,,,,,,,,,,,,
,Capacity ,,,,,, ,,,,,,,,,,,,,,,,,,,,,,,,
,Rig mounted /Loose,,,,,,Rig,,,,,,,,,,,,,,,,,,,,,,,,
,STL Number,,,,,,,,,,,,,,,,,,,,,,,,,,,,,,
,,,,,,,,,,,,,,,,,,,,,,,,,,,,,,,
 Pump head,Serial No.,,,,,,4907383 793,,,,,RLGB671 2001,,,,,,,,,,,,,,,,,,,
,Make,,,,,,Mono,,,,,Roto-Pumps,,,,,,,,,,,,,,,,,,,
,Model,,,,,,C17A,,,,,G018XXX,,,,,,,,,,,,,,,,,,,
,Serial No.,,,,,,,,,,,,,,,,,,,,,,,,,,,,,,
,Inlet Size,,,,,,,,,,,,,,,,,,,,,,,,,,,,,,
Motor,,,,,,,,,,,,,,,,,,,,,,,,,,,,,,,
 ,Make,,,,,,NORD,,,,,Nord,,,,,,,,,,,,,,,,,,,
,Model,,,,,,SK132MP/4 TF SH,,,,,SK132VP/4 TF,,,,,,,,,,,,,,,,,,,
,Serial No.,,,,,,204247695-200,,,,,36812781,,,,,,,,,,,,,,,,,,,
,No. Pole Pairs,,,,,,4,,,,,4,,,,,,,,,,,,,,,,,,,
,Speed,,,,,,1460,,,,,1460,,,,,,,,,,,,,,,,,,,
,Frame  size,,,,,,132,,,,,132,,,,,,,,,,,,,,,,,,,
,Kw,,,,,,7.5,,,,,7.5,,,,,,,,,,,,,,,,,,,
,FLA,,,,,,15.7,,,,,15.7,,,,,,,,,,,,,,,,,,,
,,,,,,,,,,,,,,,,,,,,,,,,,,,,,,,
,Inverter drive,,,,,,,,,,,,,,,,,,,,,,,,,,,,,,
Feed P/P ,,,,,,,2,,,,,,,,,,,,,,,,,,,,,,,,
,Capacity ,,,,,,,,,,,,,,,,,,,,,,,,,,,,,,
,Rig mounted /Loose,,,,,,Rig,,,,,,,,,,,,,,,,,,,,,,,,
,STL Number,,,,,,,,,,,,,,,,,,,,,,,,,,,,,,
,,,,,,,,,,,,,,,,,,,,,,,,,,,,,,,
 Pump head,Serial No.,,,,,,C671115/01,,,,,,,,,,,,,,,,,,,,,,,,
,Make,,,,,,Mono,,,,,,,,,,,,,,,,,,,,,,,,
,Model,,,,,,C16A,,,,,,,,,,,,,,,,,,,,,,,,
,Inlet Size,,,,,,,,,,,,,,,,,,,,,,,,,,,,,,
Motor,,,,,,,,,,,,,,,,,,,,,,,,,,,,,,,
 ,Make,,,,,,NORD,,,,,,,,,,,,,,,,,,,,,,,,
,Model,,,,,,SK132MP/4 TF SH,,,,,,,,,,,,,,,,,,,,,,,,
,Serial No.,,,,,,204247695-200,,,,,,,,,,,,,,,,,,,,,,,,
,No. Pole Pairs,,,,,,4,,,,,,,,,,,,,,,,,,,,,,,,
,Speed,,,,,,1460,,,,,,,,,,,,,,,,,,,,,,,,
,Frame  size,,,,,,132,,,,,,,,,,,,,,,,,,,,,,,,
,Kw,,,,,,7.5,,,,,,,,,,,,,,,,,,,,,,,,
,FLA,,,,,,15.7,,,,,,,,,,,,,,,,,,,,,,,,
,,,,,,,,,,,,,,,,,,,,,,,,,,,,,,,
,Inverter drive,,,,,,,,,,,,,,,,,,,,,,,,,,,,,,
,Model,,,,,,,,,,,,,,,,,,,,,,,,,,,,,,
Motor,,,,,,,,,,,,,,,,,,,,,,,,,,,,,,,
 ,Make,,,,,,,,,,,,,,,,,,,,,,,,,,,,,,
,Model,,,,,,,,,,,,,,,,,,,,,,,,,,,,,,
,Serial No.,,,,,,,,,,,,,,,,,,,,,,,,,,,,,,
,FLA,,,,,,,,,,,,,,,,,,,,,,,,,,,,,,
,,,,,,,,,,,,,,,,,,,,,,,,,,,,,,,
,Frame  size,,,,,,,,,,,,,,,,,,,,,,,,,,,,,,
,FLA,,,,,,,,,,,,,,,,,,,,,,,,,,,,,,
,Inverter drive,,,,,,,,,,,,,,,,,,,,,,,,,,,,,,
,,,,,,,,,,,,,,,,,,,,,,,,,,,,,,,
POLY pump,,,,,,,,,,,,,,,,,,,,,,,,,,,,,,,
Pump No. ,,,,,,,1,,,,,1,,,,,,,,,,,,,,,,,,,
,Capacity , ,,,,,,,,,,,,,,,,,,,,,,,,,,,,,
,STL Number, ,,,,,,,,,,,,,,,,,,,,,,,,,,,,,
 Pump head,Serial No.,,,,,,GK181010,,,,,,,,,,,,,,,,,,,,,,,,
,Make,,,,,,Roto Pump,,,,,,,,,,,,,,,,,,,,,,,,
,Model, ,,,,,MCCHJCD1Y,,,,,,,,,,,,,,,,,,,,,,,,
Motor,,,,,,,,,,,,,,,,,,,,,,,,,,,,,,,
 ,Make,,,,,,NORD,,,,,Nord,,,,,,,,,,,,,,,,,,,
,Model, ,,,,,SK90S/6 TF T14,,,,,90SP/4 TF,,,,,,,,,,,,,,,,,,,
,Serial No.,,,,,,202365354-100,,,,,34011184,,,,,,,,,,,,,,,,,,,
,FLA,,,,,,,,,,,2.38,,,,,,,,,,,,,,,,,,,
,Power,,,,,,,,,,,1.1,,,,,,,,,,,,,,,,,,,
,Frame  size, ,,,,,90,,,,,90,,,,,,,,,,,,,,,,,,,
,FLA,,,,,,,,,,,,,,,,,,,,,,,,,,,,,,
,Inverter drive,,,,,,WEG CFW-08,,,,,,,,,,,,,,,,,,,,,,,,
,,,,,,,,,,,,,,,,,,,,,,,,,,,,,,,
Pump No. ,,,,,,,2,,,,,,,,,,,,,,,,,,,,,,,,
,Capacity , ,,,,,,,,,,,,,,,,,,,,,,,,,,,,,
,STL Number, ,,,,,,,,,,,,,,,,,,,,,,,,,,,,,
 Pump head,Serial No.,,,,,,312808,,,,,,,,,,,,,,,,,,,,,,,,
,Make,,,,,,Seepex,,,,,,,,,,,,,,,,,,,,,,,,
,Model, ,,,,,BW2,,,,,,,,,,,,,,,,,,,,,,,,
Motor,,,,,,,,,,,,,,,,,,,,,,,,,,,,,,,
 ,Make,,,,,,ECHTOP,,,,,,,,,,,,,,,,,,,,,,,,
,Model, ,,,,,0.7453TECAP35-IE2,,,,,,,,,,,,,,,,,,,,,,,,
,Serial No.,,,,,,AA52.802,,,,,,,,,,,,,,,,,,,,,,,,
,FLA,,,,,,1.78,,,,,,,,,,,,,,,,,,,,,,,,
,Frame  size, ,,,,,60,,,,,,,,,,,,,,,,,,,,,,,,
,FLA,,,,,,,,,,,,,,,,,,,,,,,,,,,,,,
,Inverter drive,,,,,,Nord SK-200E,,,,,,,,,,,,,,,,,,,,,,,,
,,,,,,,,,,,,,,,,,,,,,,,,,,,,,,,
Metering  P/P No. ,,,,,,,1,,,,,,,,,,,,,,,,,,,,,,,,
,Capacity , ,,,,,117l/h@ 4Bar,,,,,,,,,,,,,,,,,,,,,,,,
,STL Number, ,,,,,,,,,,,,,,,,,,,,,,,,,,,,,
 Pump head,Serial No.,,,,,,2025411455,,,,,,,,,,,,,,,,,,,,,,,,
,Make,,,,,,Prominent,,,,,,,,,,,,,,,,,,,,,,,,
,Model, ,,,,,S1CB,,,,,,,,,,,,,,,,,,,,,,,,
Motor,,,,,,,,,,,,,,,,,,,,,,,,,,,,,,,
 ,Make,,,,,,Bonfiglioli,,,,,,,,,,,,,,,,,,,,,,,,
,Model, ,,,,,BN58B 4,,,,,,,,,,,,,,,,,,,,,,,,
,Serial No.,,,,,,VN01241133374,,,,,,,,,,,,,,,,,,,,,,,,
,FLA,,,,,,0.42,,,,,,,,,,,,,,,,,,,,,,,,
,,,,,,,,,,,,,,,,,,,,,,,,,,,,,,,
Metering  P/P No. ,,,,,,,2,,,,,,,,,,,,,,,,,,,,,,,,
,Capacity , ,,,,,,,,,,,,,,,,,,,,,,,,,,,,,
,STL Number, ,,,,,,,,,,,,,,,,,,,,,,,,,,,,,
 Pump head,Serial No.,,,,,,,,,,,,,,,,,,,,,,,,,,,,,,
,Make,,,,,,,,,,,,,,,,,,,,,,,,,,,,,,
,Model, ,,,,,,,,,,,,,,,,,,,,,,,,,,,,,
Motor,,,,,,,,,,,,,,,,,,,,,,,,,,,,,,,
 ,Make,,,,,,,,,,,,,,,,,,,,,,,,,,,,,,
,Model, ,,,,,,,,,,,,,,,,,,,,,,,,,,,,,
,Serial No.,,,,,,,,,,,,,,,,,,,,,,,,,,,,,,
,FLA,,,,,,,,,,,,,,,,,,,,,,,,,,,,,,
,,,,,,,,,,,,,,,,,,,,,,,,,,,,,,,
DMU,,,,,,,1,,,,,,,,,,,,,,,,,,,,,,,,
,Make,,,,,,Universal motors,,,,,,,,,,,,,,,,,,,,,,,,
,Model,,,,,,UMHA80G-6B14,,,,,,,,,,,,,,,,,,,,,,,,
,Serial No.,,,,,,YA421015,,,,,,,,,,,,,,,,,,,,,,,,
,FLA,,,,,,1.58,,,,,,,,,,,,,,,,,,,,,,,,
,Power,,,,,,0.55,,,,,,,,,,,,,,,,,,,,,,,,
,Frame  size,,,,,,,,,,,,,,,,,,,,,,,,,,,,,,
DMU,,,,,,,,,,,,,,,,,,,,,,,,,,,,,,,
,Make,,,,,,,,,,,,,,,,,,,,,,,,,,,,,,
,Model,,,,,,,,,,,,,,,,,,,,,,,,,,,,,,
,Serial No.,,,,,,,,,,,,,,,,,,,,,,,,,,,,,,
,FLA,,,,,,,,,,,,,,,,,,,,,,,,,,,,,,
,Power,,,,,,,,,,,,,,,,,,,,,,,,,,,,,,
,Frame  size,,,,,,,,,,,,,,,,,,,,,,,,,,,,,,
,,,,,,,,,,,,,,,,,,,,,,,,,,,,,,,
Discharge Conveyor,,,,,,,,,,,,,,,,,,,,,,,,,,,,,,,
,QTY,,,,,,1,,,,,,,,,,,,,,,,,,,,,,,,
,Make ,,,,,,SYDEX,,,,,Sterpecon,,,,,,,,,,,,,,,,,,,
,Model,,,,,,SLCR 250/12500,,,,,,,,,,,,,,,,,,,,,,,,
,Serial No.,,,,,,AS1056,,,,,C4738 001,,,,,,,,,,,,,,,,,,,
,Length,,,,,,12.5,,,,,11,,,,,,,,,,,,,,,,,,,
,Height at discharge,,,,,,,,,,,rig ,,,,,,,,,,,,,,,,,,,
,,,,,,,,,,,,,,,,,,,,,,,,,,,,,,,
Motor,,,,,,,,,,,,,,,,,,,,,,,,,,,,,,,
,Make,,,,,,Brook Crompton,,,,,Nord,,,,,,,,,,,,,,,,,,,
,Model,,,,,,WP-D9112MWX-D-IE3,,,,,SK132P/4 TF SH,,,,,,,,,,,,,,,,,,,
,Serial No.,,,,,,112W2684101,,,,,02421706-100,,,,,,,,,,,,,,,,,,,
,No. Pole Pairs,,,,,,4,,,,,4,,,,,,,,,,,,,,,,,,,
,Frame  size,,,,,,112,,,,,132,,,,,,,,,,,,,,,,,,,
,FLA,,,,,,8.4,,,,,10.9,,,,,,,,,,,,,,,,,,,
,Power,,,,,,,,,,,5.5,,,,,,,,,,,,,,,,,,,
,Inverter drive,,,,,,,,,,,,,,,,,,,,,,,,,,,,,,
,,,,,,,,,,,,,,,,,,,,,,,,,,,,,,,
Gearbox,,,,,,,,,,,,,,,,,,,,,,,,,,,,,,,
,Make,,,,,,BONFIGLIIO,,,,,Nord,,,,,,,,,,,,,,,,,,,
,Model,,,,,,,,,,,6282AFBH-132SP/4 TF,,,,,,,,,,,,,,,,,,,
,Serial No.,,,,,,,,,,,202421706-100,,,,,,,,,,,,,,,,,,,
,Torque output,,,,,,,,,,,80.33,,,,,,,,,,,,,,,,,,,
,Shaft size,,,,,,,,,,,,,,,,,,,,,,,,,,,,,,
, Position V/H,,,,,,v,,,,,H,,,,,,,,,,,,,,,,,,,
,,,,,,,,,,,,,,,,,,,,,,,,,,,,,,,
,Inverter drive,,,,,,,,,,,,,,,,,,,,,,,,,,,,,,
,,,,,,,,,,,,,,,,,,,,,,,,,,,,,,,
Flow meter,,,,,,,,,,,,,,,,,,,,,,,,,,,,,,,
,Application,,,,,,Feed 1,,,,,,,,,,,,,,,,,,,,,,,,
,Make,,,,,,Krohne,,,,,,,,,,,,,,,,,,,,,,,,
,Model,,,,,,Optiflux 2000/IFC50,,,,,,,,,,,,,,,,,,,,,,,,
,Size,,,,,,2,,,,,,,,,,,,,,,,,,,,,,,,
,Serial No.,,,,,,A16012933/A13010678,,,,,,,,,,,,,,,,,,,,,,,,
,,,,,,,,,,,,,,,,,,,,,,,,,,,,,,,
,,,,,,,,,,,,,,,,,,,,,,,,,,,,,,,
,Application,,,,,,Feed 2,,,,,,,,,,,,,,,,,,,,,,,,
,Make,,,,,,Krohne,,,,,,,,,,,,,,,,,,,,,,,,
,Model,,,,,,Optiflux 2000/IFC50,,,,,,,,,,,,,,,,,,,,,,,,
,Size,,,,,,2,,,,,,,,,,,,,,,,,,,,,,,,
,Serial No.,,,,,,A17005885/A13010929,,,,,,,,,,,,,,,,,,,,,,,,
,,,,,,,,,,,,,,,,,,,,,,,,,,,,,,,
,Application,,,,,,Poly 1,,,,,,,,,,,,,,,,,,,,,,,,
,Make,,,,,,Krohne,,,,,,,,,,,,,,,,,,,,,,,,
,Model,,,,,,Optiflux 2050,,,,,,,,,,,,,,,,,,,,,,,,
,Size,,,,,,1,,,,,,,,,,,,,,,,,,,,,,,,
,Serial No.,,,,,,A13011041,,,,,,,,,,,,,,,,,,,,,,,,
,,,,,,,,,,,,,,,,,,,,,,,,,,,,,,,
,,,,,,,,,,,,,,,,,,,,,,,,,,,,,,,
,Application,,,,,,Poly 2,,,,,,,,,,,,,,,,,,,,,,,,
,Make,,,,,,Krohne,,,,,,,,,,,,,,,,,,,,,,,,
,Model,,,,,,Optiflux 2050,,,,,,,,,,,,,,,,,,,,,,,,
,Size,,,,,,1,,,,,,,,,,,,,,,,,,,,,,,,
,Serial No.,,,,,,A13011037,,,,,,,,,,,,,,,,,,,,,,,,
,,,,,,,,,,,,,,,,,,,,,,,,,,,,,,,
,Application,,,,,,Water 1,,,,,,,,,,,,,,,,,,,,,,,,
,Make,,,,,,Aquamotion,,,,,,,,,,,,,,,,,,,,,,,,
,Model,,,,,,TCM142/10-4792,,,,,,,,,,,,,,,,,,,,,,,,
,Size,,,,,,1,,,,,,,,,,,,,,,,,,,,,,,,
,Serial No.,,,,,,23 004017,,,,,,,,,,,,,,,,,,,,,,,,
,,,,,,,,,,,,,,,,,,,,,,,,,,,,,,,
,,,,,,,,,,,,,,,,,,,,,,,,,,,,,,,
,Application,,,,,,,,,,,,,,,,,,,,,,,,,,,,,,
,Make,,,,,,,,,,,,,,,,,,,,,,,,,,,,,,
,Model,,,,,,,,,,,,,,,,,,,,,,,,,,,,,,
,Size,,,,,,,,,,,,,,,,,,,,,,,,,,,,,,
,Serial No.,,,,,,,,,,,,,,,,,,,,,,,,,,,,,,
,,,,,,,,,,,,,,,,,,,,,,,,,,,,,,,
,,,,,,,,,,,,,,,,,,,,,,,,,,,,,,,
Muncher ,,,,,,,,,,,,,,,,,,,,,,,,,,,,,,,
,Make ,,,,,,MONO,,,,,,,,,,,,,,,,,,,,,,,,
,Model ,,,,,,T203C,,,,,,,,,,,,,,,,,,,,,,,,
,Serial No.,,,,,,C671113/01/09/13,,,,,,,,,,,,,,,,,,,,,,,,
,,,,,,,,,,,,,,,,,,,,,,,,,,,,,,,
Motor,Make,,,,,,,,,,,,,,,,,,,,,,,,,,,,,,
,Model,,,,,,,,,,,,,,,,,,,,,,,,,,,,,,
,Serial No.,,,,,,,,,,,,,,,,,,,,,,,,,,,,,,
,FLA,,,,,,,,,,,,,,,,,,,,,,,,,,,,,,
,Power,,,,,,,,,,,,,,,,,,,,,,,,,,,,,,
,Frame  size,,,,,,,,,,,,,,,,,,,,,,,,,,,,,,
,,,,,,,,,,,,,,,,,,,,,,,,,,,,,,,
,,,,,,,,,,,,,,,,,,,,,,,,,,,,,,,
,,,,,,,,,,,,,,,,,,,,,,,,,,,,,,,
,,,,,,,,,,,,,,,,,,,,,,,,,,,,,,,
,,,,,,,,,,,,,,,,,,,,,,,,,,,,,,,
,,,,,,,,,,,,,,,,,,,,,,,,,,,,,,,
,,,,,,,,,,,,,,,,,,,,,,,,,,,,,,,
,,,,,,,,,,,,,,,,,,,,,,,,,,,,,,,
,,,,,,,,,,,,,,,,,,,,,,,,,,,,,,,
,,,,,,,,,,,,,,,,,,,,,,,,,,,,,,,
,,,,,,,,,,,,,,,,,,,,,,,,,,,,,,,
,,,,,,,,,,,,,,,,,,,,,,,,,,,,,,,
,,,,,,,,,,,,,,,,,,,,,,,,,,,,,,,
,,,,,,,,,,,,,,,,,,,,,,,,,,,,,,,
,,,,,,,,,,,,,,,,,,,,,,,,,,,,,,,
,,,,,,,,,,,,,,,,,,,,,,,,,,,,,,,
,,,,,,,,,,,,,,,,,,,,,,,,,,,,,,,
,,,,,,,,,,,,,,,,,,,,,,,,,,,,,,,
,,,,,,,,,,,,,,,,,,,,,,,,,,,,,,,
,,,,,,,,,,,,,,,,,,,,,,,,,,,,,,,
,,,,,,,,,,,,,,,,,,,,,,,,,,,,,,,
,,,,,,,,,,,,,,,,,,,,,,,,,,,,,,,
,,,,,,,,,,,,,,,,,,,,,,,,,,,,,,,
,,,,,,,,,,,,,,,,,,,,,,,,,,,,,,,
,,,,,,,,,,,,,,,,,,,,,,,,,,,,,,,
,,,,,,,,,,,,,,,,,,,,,,,,,,,,,,,
,,,,,,,,,,,,,,,,,,,,,,,,,,,,,,,
,,,,,,,,,,,,,,,,,,,,,,,,,,,,,,,
,,,,,,,,,,,,,,,,,,,,,,,,,,,,,,,
,,,,,,,,,,,,,,,,,,,,,,,,,,,,,,,
,,,,,,,,,,,,,,,,,,,,,,,,,,,,,,,
,,,,,,,,,,,,,,,,,,,,,,,,,,,,,,,
,,,,,,,,,,,,,,,,,,,,,,,,,,,,,,,
,,,,,,,,,,,,,,,,,,,,,,,,,,,,,,,
,,,,,,,,,,,,,,,,,,,,,,,,,,,,,,,
,,,,,,,,,,,,,,,,,,,,,,,,,,,,,,,
,,,,,,,,,,,,,,,,,,,,,,,,,,,,,,,
,,,,,,,,,,,,,,,,,,,,,,,,,,,,,,,
,,,,,,,,,,,,,,,,,,,,,,,,,,,,,,,
,,,,,,,,,,,,,,,,,,,,,,,,,,,,,,,
,,,,,,,,,,,,,,,,,,,,,,,,,,,,,,,
,,,,,,,,,,,,,,,,,,,,,,,,,,,,,,,
,,,,,,,,,,,,,,,,,,,,,,,,,,,,,,,
,,,,,,,,,,,,,,,,,,,,,,,,,,,,,,,
,,,,,,,,,,,,,,,,,,,,,,,,,,,,,,,
,,,,,,,,,,,,,,,,,,,,,,,,,,,,,,,
,,,,,,,,,,,,,,,,,,,,,,,,,,,,,,,
,,,,,,,,,,,,,,,,,,,,,,,,,,,,,,,
,,,,,,,,,,,,,,,,,,,,,,,,,,,,,,,
,,,,,,,,,,,,,,,,,,,,,,,,,,,,,,,
,,,,,,,,,,,,,,,,,,,,,,,,,,,,,,,
,,,,,,,,,,,,,,,,,,,,,,,,,,,,,,,
,,,,,,,,,,,,,,,,,,,,,,,,,,,,,,,
,,,,,,,,,,,,,,,,,,,,,,,,,,,,,,,
,,,,,,,,,,,,,,,,,,,,,,,,,,,,,,,
,,,,,,,,,,,,,,,,,,,,,,,,,,,,,,,
,,,,,,,,,,,,,,,,,,,,,,,,,,,,,,,
,,,,,,,,,,,,,,,,,,,,,,,,,,,,,,,
,,,,,,,,,,,,,,,,,,,,,,,,,,,,,,,
,,,,,,,,,,,,,,,,,,,,,,,,,,,,,,,
,,,,,,,,,,,,,,,,,,,,,,,,,,,,,,,
,,,,,,,,,,,,,,,,,,,,,,,,,,,,,,,
,,,,,,,,,,,,,,,,,,,,,,,,,,,,,,,
,,,,,,,,,,,,,,,,,,,,,,,,,,,,,,,
,,,,,,,,,,,,,,,,,,,,,,,,,,,,,,,
,,,,,,,,,,,,,,,,,,,,,,,,,,,,,,,
,,,,,,,,,,,,,,,,,,,,,,,,,,,,,,,
,,,,,,,,,,,,,,,,,,,,,,,,,,,,,,,
,,,,,,,,,,,,,,,,,,,,,,,,,,,,,,,
,,,,,,,,,,,,,,,,,,,,,,,,,,,,,,,
,,,,,,,,,,,,,,,,,,,,,,,,,,,,,,,
,,,,,,,,,,,,,,,,,,,,,,,,,,,,,,,
,,,,,,,,,,,,,,,,,,,,,,,,,,,,,,,
,,,,,,,,,,,,,,,,,,,,,,,,,,,,,,,
,,,,,,,,,,,,,,,,,,,,,,,,,,,,,,,
,,,,,,,,,,,,,,,,,,,,,,,,,,,,,,,
,,,,,,,,,,,,,,,,,,,,,,,,,,,,,,,
,,,,,,,,,,,,,,,,,,,,,,,,,,,,,,,
,,,,,,,,,,,,,,,,,,,,,,,,,,,,,,,
,,,,,,,,,,,,,,,,,,,,,,,,,,,,,,,
,,,,,,,,,,,,,,,,,,,,,,,,,,,,,,,
,,,,,,,,,,,,,,,,,,,,,,,,,,,,,,,
,,,,,,,,,,,,,,,,,,,,,,,,,,,,,,,
,,,,,,,,,,,,,,,,,,,,,,,,,,,,,,,
,,,,,,,,,,,,,,,,,,,,,,,,,,,,,,,
,,,,,,,,,,,,,,,,,,,,,,,,,,,,,,,
,,,,,,,,,,,,,,,,,,,,,,,,,,,,,,,
,,,,,,,,,,,,,,,,,,,,,,,,,,,,,,,
,,,,,,,,,,,,,,,,,,,,,,,,,,,,,,,
,,,,,,,,,,,,,,,,,,,,,,,,,,,,,,,
,,,,,,,,,,,,,,,,,,,,,,,,,,,,,,,
